Id,Label,timeset,modularity_class,Degree,lat,long,parish,population
Above Rocks,Above Rocks,,0,139,18.1089,-76.8772,Saint Catherine,3263
Annotto Bay,Annotto Bay,,3,33,18.2703,-76.7706,Saint Mary,5468
Bog Walk,Bog Walk,,0,88,18.1,-77.02,Saint Catherine,8794
Constant Spring,Constant Spring,,0,127,18.05,-76.78,Saint Andrew,12369
Ewarton,Ewarton,,0,34,18.18,-77.08,Saint Catherine,8742
Gordon Town,Gordon Town,,0,100,18.05,-76.7,Saint Andrew,1049
Albert Town,Albert Town,,1,36,18.2958,-77.5414,Trelawny,3389
Alexandria,Alexandria,,1,34,18.2983,-77.3575,Saint Ann,1672
Balaclava,Balaclava,,4,40,18.1705,-77.6484,Saint Elizabeth,2837
Brown's Town,Brown's Town,,1,28,18.4,-77.36,Saint Ann,6762
Cave Valley,Cave Valley,,1,29,18.27,-77.37,Saint Ann,1777
Christiana,Christiana,,4,19,18.17,-77.49,Manchester,7235
Bamboo,Bamboo,,1,26,18.3851,-77.2662,Saint Ann,3732
Alligator Pond,Alligator Pond,,4,32,17.8711,-77.5683,Manchester,1542
Bull Savanna,Bull Savanna,,4,31,17.88,-77.59,Saint Elizabeth,3163.8
Malvern,Malvern,,4,15,17.97,-77.72,Saint Elizabeth,3262
Mandeville,Mandeville,,4,13,18.05,-77.48,Manchester,39945
Nain,Nain,,4,8,17.97,-77.6,Saint Elizabeth,2373
Porus,Porus,,4,5,18.03,-77.42,Manchester,5095
Anchovy,Anchovy,,2,88,18.4097,-77.9339,Saint James,3633
Bethel Town,Bethel Town,,2,98,18.3,-77.95,Westmoreland,2768
Cambridge,Cambridge,,2,82,18.32,-77.89,Saint James,3384
Cascade,Cascade,,2,93,18.4,-78.1,Hanover,1220
Darliston,Darliston,,2,35,18.23,-77.97,Westmoreland,1435
Maroon Town,Maroon Town,,2,34,18.35,-77.79,Saint James,2669
Buff Bay,Buff Bay,,3,31,18.23,-76.67,Portland,2596
Guy's Hill,Guy's Hill,,3,14,18.25,-77,Saint Mary,3165
Coleyville,Coleyville,,4,14,18.22,-77.5,Manchester,3320
Lacovia,Lacovia,,4,19,18.07,-77.75,Saint Elizabeth,3159
Claremont,Claremont,,1,22,18.38,-77.17,Saint Ann,2154
Bath,Bath,,5,23,17.95,-76.35,Saint Thomas,2151
Dalvey,Dalvey,,5,16,17.9,-76.25,Saint Thomas,2742
Golden Grove,Golden Grove,,5,15,17.93,-76.27,Saint Thomas,2761
Manchioneal,Manchioneal,,5,15,18.05,-76.28,Portland,2185
Moore Town,Moore Town,,5,16,18.07,-76.43,Portland,1054
Morant Bay,Morant Bay,,5,6,17.87,-76.39,Saint Thomas,9602
Bluefields,Bluefields,,2,48,18.17,-78.03,Westmoreland,2564
Black River,Black River,,4,29,18.03,-77.86,Saint Elizabeth,3675
Brompton,Brompton,,4,25,18.06,-77.9,Saint Elizabeth,1457
Maggotty,Maggotty,,4,9,18.15,-77.77,Saint Elizabeth,1359
Croft's Hill,Croft's Hill,,6,17,18.13,-77.22,Clarendon,2994
Highgate,Highgate,,3,10,18.32,-76.87,Saint Mary,5418
Chapelton,Chapelton,,6,22,18.08,-77.27,Clarendon,3930
Frankfield,Frankfield,,6,11,18.15,-77.35,Clarendon,2865
Hayes,Hayes,,6,15,17.88,-77.25,Clarendon,8447
Clark's Town,Clark's Town,,1,25,18.42,-77.57,Trelawny,3139
Discovery Bay (Dry Harbour),Discovery Bay (Dry Harbour),,1,12,18.47,-77.39,Saint Ann,2230
Duncans,Duncans,,1,17,18.47,-77.53,Trelawny,1849
Easington,Easington,,0,69,17.92,-76.6,Saint Thomas,2378
Kingston,Kingston,,0,93,17.9833,-76.8,Kingston,587798
Mavis Bank,Mavis Bank,,5,10,18.02,-76.67,Saint Andrew,1756
Falmouth,Falmouth,,2,30,18.49,-77.66,Trelawny,7245
Rio Bueno,Rio Bueno,,1,5,18.57,-77.45,Trelawny,1108
Frome,Frome,,7,47,18.3,-78.15,Westmoreland,900
Grange Hill,Grange Hill,,7,33,18.37,-78.2,Westmoreland,6530
Gayle,Gayle,,3,17,18.33,-77,Saint Mary,3205
Islington,Islington,,3,9,18.32,-76.85,Saint Mary,2868
Hopewell,Hopewell,,7,24,18.25,-78.3,Hanover,4268
Little London,Little London,,7,22,18.3,-78.2,Westmoreland,1848
Lionel Town,Lionel Town,,6,11,17.8,-77.23,Clarendon,4669
May Pen,May Pen,,6,8,17.97,-77.24,Clarendon,45903
Old Harbour,Old Harbour,,6,9,17.92,-77.1,Saint Catherine,17778
Hope Bay,Hope Bay,,5,9,18.2,-76.57,Portland,1569
Lucea,Lucea,,7,9,18.44,-78.18,Hanover,6002
Kellits,Kellits,,6,8,18.17,-77.23,Clarendon,2291
Linstead,Linstead,,0,5,18.15,-77.02,Saint Catherine,14114
Old Harbour Bay,Old Harbour Bay,,6,9,17.9,-77.1,Saint Catherine,5405
Lluidas Vale,Lluidas Vale,,6,7,18.12,-77.15,Saint Catherine,2161
Lucky Hill,Lucky Hill,,3,7,18.3,-77.02,Saint Mary,750
Moneague,Moneague,,1,5,18.28,-77.1,Saint Ann,2880
Montego Bay,Montego Bay,,2,9,18.4666,-77.9166,Saint James,96488
Negril,Negril,,7,6,18.32,-78.33,Westmoreland,4184
Ocho Rios,Ocho Rios,,3,6,18.42,-77.11,Saint Ann,8189
Oracabessa,Oracabessa,,3,5,18.47,-76.93,Saint Mary,4066
Osbourne Store,Osbourne Store,,6,5,17.97,-77.33,Clarendon,3390
Petersfield,Petersfield,,2,5,18.25,-78.07,Westmoreland,2045
Point Hill,Point Hill,,6,5,18.08,-77.1,Saint Catherine,3651
Port Antonio,Port Antonio,,5,9,18.16,-76.38,Portland,13246
Snow Hill,Snow Hill,,5,6,18.200444,-76.500406,Portland,4130
Port Maria,Port Maria,,3,5,18.37,-76.89,Saint Mary,7651
Port Royal,Port Royal,,0,5,17.93,-76.85,Kingston,3004
Portmore,Portmore,,0,5,17.9499,-76.8799,Saint Catherine,90138
Race Course,Race Course,,6,5,17.83,-77.28,Clarendon,2589
Richmond,Richmond,,3,5,18.23,-76.9,Saint Mary,1984
Riversdale,Riversdale,,0,5,18.15,-76.97,Saint Catherine,2791
Rocky Point,Rocky Point,,6,5,17.77,-77.27,Clarendon,2744
Runaway Bay,Runaway Bay,,1,5,18.45,-77.33,Saint Ann,5655
Saint Ann's Bay,Saint Ann's Bay,,1,5,18.44,-77.22,Saint Ann,10961
Sandy Bay,Sandy Bay,,2,5,18.45,-78.1,Hanover,4476
Sanguinetti,Sanguinetti,,4,5,18.1,-77.34,Clarendon,3900
Santa Cruz,Santa Cruz,,4,5,18.07,-77.72,Saint Elizabeth,8144
Savanna-la-Mar,Savanna-la-Mar,,2,5,18.16,-77.95,Westmoreland,16553
Seaford Town,Seaford Town,,4,5,18.15,-77.54,Westmoreland,4108
Seaforth,Seaforth,,5,5,17.93,-76.45,Saint Thomas,4108
Siloah,Siloah,,4,5,18.17,-77.73,Saint Elizabeth,2701
Southfield,Southfield,,4,5,17.88,-77.67,Saint Elizabeth,2671
Spanish Town,Spanish Town,,0,5,17.9958,-76.9551,Saint Catherine,92383
Stony Hill,Stony Hill,,3,5,18.08,-76.78,Saint Andrew,8244
Trinity Ville,Trinity Ville,,5,5,17.95,-76.53,Saint Thomas,2614
Ulster Spring,Ulster Spring,,1,5,18.32,-77.52,Trelawny,1391
Wakefield,Wakefield,,1,5,18.42,-77.72,Trelawny,2724
White House,White House,,2,5,18.08,-77.97,Westmoreland,3157
Williamsfield,Williamsfield,,4,5,18.07,-77.48,Manchester,2800
Yallahs,Yallahs,,5,5,17.87,-76.57,Saint Thomas,6902
Grantham,Grantham,,6,5,17.955718,-77.240515,Clarendon,7611.090909
Mineral Heights,Mineral Heights,,6,5,17.942157,-77.23333,Clarendon,7611.090909
May Pen Proper,May Pen Proper,,6,5,17.971896,-77.243044,Clarendon,7611.090909
Longwood,Longwood,,6,5,17.813019,-77.280742,Clarendon,7611.090909
Copse,Copse,,0,5,17.969923,-76.788615,Hanover,3511.4
Logwood,Logwood,,7,5,18.344818,-78.297987,Hanover,3511.4
Cacoon,Cacoon,,7,5,18.40883,-78.202591,Hanover,3511.4
Orange Bay,Orange Bay,,7,5,18.369958,-78.314518,Hanover,3511.4
Ramble,Ramble,,2,5,18.350996,-77.977434,Hanover,3511.4
Kingsvale,Kingsvale,,7,5,18.386414,-78.203463,Hanover,3511.4
Dias,Dias,,7,5,18.398245,-78.194203,Hanover,3511.4
Jericho,Jericho,,2,5,18.429078,-78.129345,Hanover,3511.4
Rock Spring,Rock Spring,,2,5,18.409796,-78.133592,Hanover,3511.4
Lucea West,Lucea West,,7,5,18.450419,-78.176394,Hanover,3511.4
Askenish,Askenish,,2,5,18.384,-78.150467,Hanover,3511.4
Lucea East,Lucea East,,7,5,18.450419,-78.176394,Hanover,3511.4
Lances Bay,Lances Bay,,7,5,18.445113,-78.219844,Hanover,3511.4
Great Valley,Great Valley,,2,5,18.396561,-78.075392,Hanover,3511.4
Cousins Cove,Cousins Cove,,7,5,18.423351,-78.245479,Hanover,3511.4
Success,Success,,2,5,18.365076,-78.047067,Hanover,3511.4
Santoy,Santoy,,7,5,18.356514,-78.286054,Hanover,3511.4
Cauldwell,Cauldwell,,7,5,18.389526,-78.244952,Hanover,3511.4
Mount Peto,Mount Peto,,2,5,18.344065,-78.017178,Hanover,3511.4
Maryland,Maryland,,2,5,18.387556,-78.129812,Hanover,3511.4
Cacoon Castle,Cacoon Castle,,2,5,18.428237,-78.131552,Hanover,3511.4
Chester Castle,Chester Castle,,2,5,18.321366,-77.970296,Hanover,3511.4
Haddington,Haddington,,2,5,18.409771,-78.133638,Hanover,3511.4
Pondside,Pondside,,2,5,18.396561,-78.075392,Hanover,3511.4
March Town,March Town,,7,5,18.34504,-78.277597,Hanover,3511.4
East Down Town,East Down Town,,0,5,17.970992,-76.789609,Kingston,295401
Denham Town,Denham Town,,0,5,18.037052,-76.830003,Kingston,295401
Central Down Town,Central Down Town,,0,5,18.017874,-76.809904,Kingston,295401
Passmore Town,Passmore Town,,0,5,17.96968,-76.78126,Kingston,295401
Rollington Town,Rollington Town,,0,5,17.977595,-76.76972,Kingston,295401
D'Aguilar Town/ Rennock Lodge,D'Aguilar Town/ Rennock Lodge,,0,5,17.999862,-76.817184,Kingston,295401
West Down Town,West Down Town,,0,5,17.968725,-76.788471,Kingston,295401
Tivoli Gardens,Tivoli Gardens,,0,5,17.974651,-76.80073,Kingston,295401
Newton Square,Newton Square,,0,5,17.95984,-76.87722,Kingston,295401
Kingston Gardens,Kingston Gardens,,0,5,18.024718,-76.809602,Kingston,295401
Bournemouth Gardens,Bournemouth Gardens,,0,5,17.97119,-76.761065,Kingston,295401
Rae Town,Rae Town,,0,5,18.017874,-76.809904,Kingston,295401
Allman Town,Allman Town,,0,5,17.984597,-76.787029,Kingston,295401
Manley Meadows,Manley Meadows,,0,5,17.967596,-76.768524,Kingston,295401
Franklyn Town,Franklyn Town,,0,5,17.977993,-76.77549,Kingston,295401
Norman Gardens,Norman Gardens,,0,5,17.979702,-76.758179,Kingston,295401
Fletchers Land,Fletchers Land,,0,5,17.979454,-76.791383,Kingston,295401
Hatfield,Hatfield,,4,5,18.030429,-77.536146,Manchester,9989.5
Mandeville Proper,Mandeville Proper,,4,5,18.036775,-77.505284,Manchester,9989.5
Newport,Newport,,4,5,17.92865,-77.516319,Manchester,9989.5
Knockpatrick,Knockpatrick,,4,5,17.993635,-77.507477,Manchester,9989.5
New Green,New Green,,4,5,18.05352,-77.510796,Manchester,9989.5
Royal Flat,Royal Flat,,4,5,18.056782,-77.471631,Manchester,9989.5
Part of Spaldings,Part of Spaldings,,1,5,18.15773,-77.45729,Manchester,9989.5
Central Port Antonio,Central Port Antonio,,5,5,18.171276,-76.447632,Portland,4130
Windsor Forest,Windsor Forest,,5,5,18.116477,-76.334472,Portland,4130
Norwich,Norwich,,5,5,18.19427,-76.475662,Portland,4130
Mona Heights,Mona Heights,,0,5,18.014149,-76.752409,Saint Andrew,5854.5
Seaward Pen,Seaward Pen,,0,5,18.02154,-76.820663,Saint Andrew,5854.5
Bull Bay/ Seven Mile,Bull Bay/ Seven Mile,,0,5,17.942921,-76.66726,Saint Andrew,5854.5
Delacree Park/ Union Gardens,Delacree Park/ Union Gardens,,0,5,17.989284,-76.817218,Saint Andrew,5854.5
University,University,,0,5,18.006013,-76.747103,Saint Andrew,5854.5
Harbour View,Harbour View,,0,5,17.952329,-76.719222,Saint Andrew,5854.5
Red Hills (Rural),Red Hills (Rural),,0,5,18.058326,-76.85372,Saint Andrew,5854.5
Norbrook,Norbrook,,3,5,18.055455,-76.782702,Saint Andrew,5854.5
Lawrence Tavern,Lawrence Tavern,,3,5,18.127907,-76.846409,Saint Andrew,5854.5
Delacree Pen,Delacree Pen,,0,5,17.995495,-76.818756,Saint Andrew,5854.5
Greenwich Town/ Newport West,Greenwich Town/ Newport West,,0,5,17.96757,-76.804737,Saint Andrew,5854.5
Tower Hill,Tower Hill,,0,5,18.010439,-76.829911,Saint Andrew,5854.5
Trench Town,Trench Town,,0,5,17.98579,-76.804335,Saint Andrew,5854.5
Waterhouse,Waterhouse,,0,5,18.028568,-76.843746,Saint Andrew,5854.5
Grants Pen,Grants Pen,,0,5,18.031638,-76.790952,Saint Andrew,5854.5
Whitehall,Whitehall,,0,5,18.038067,-76.809234,Saint Andrew,5854.5
Havendale,Havendale,,3,5,18.051639,-76.811546,Saint Andrew,5854.5
Barbican,Barbican,,0,5,18.025612,-76.771163,Saint Andrew,5854.5
Cavaliers,Cavaliers,,3,5,18.094858,-76.835327,Saint Andrew,5854.5
Roehampton,Roehampton,,0,5,18.042897,-76.80758,Saint Andrew,5854.5
Cross Roads,Cross Roads,,0,5,17.992832,-76.790635,Saint Andrew,5854.5
Pembroke Hall,Pembroke Hall,,0,5,18.029593,-76.828849,Saint Andrew,5854.5
Kencot,Kencot,,0,5,18.002619,-76.795682,Saint Andrew,5854.5
Vineyard Town,Vineyard Town,,0,5,17.989808,-76.778375,Saint Andrew,5854.5
Hope Tavern,Hope Tavern,,0,5,18.014586,-76.740749,Saint Andrew,5854.5
Drewsland,Drewsland,,0,5,18.024075,-76.830252,Saint Andrew,5854.5
Beverley Hills,Beverley Hills,,0,5,18.007787,-76.765392,Saint Andrew,5854.5
Patrick City,Patrick City,,0,5,18.031741,-76.838941,Saint Andrew,5854.5
Liguanea,Liguanea,,0,5,18.014748,-76.761065,Saint Andrew,5854.5
Hermitage,Hermitage,,0,5,17.993966,-76.743099,Saint Andrew,5854.5
Kintyre,Kintyre,,0,5,18.012346,-76.737282,Saint Andrew,5854.5
Cassia Park,Cassia Park,,0,5,18.020288,-76.807942,Saint Andrew,5854.5
Three Oaks/ Glendale,Three Oaks/ Glendale,,0,5,18.030895,-76.825648,Saint Andrew,5854.5
Whitfield Town,Whitfield Town,,0,5,17.994701,-76.80722,Saint Andrew,5854.5
Cherry Gardens,Cherry Gardens,,0,5,18.043437,-76.776932,Saint Andrew,5854.5
Half-Way-Tree,Half-Way-Tree,,0,5,18.00231,-76.792093,Saint Andrew,5854.5
Boucher Park,Boucher Park,,3,5,18.062488,-76.758457,Saint Andrew,5854.5
Molynes Four Roads,Molynes Four Roads,,0,5,18.012709,-76.801669,Saint Andrew,5854.5
Hope Pastures/ UTECH,Hope Pastures/ UTECH,,0,5,18.018682,-76.744474,Saint Andrew,5854.5
Eastwood Park Gardens,Eastwood Park Gardens,,0,5,18.015456,-76.798445,Saint Andrew,5854.5
August Town,August Town,,0,5,17.993023,-76.740867,Saint Andrew,5854.5
Golden Spring,Golden Spring,,3,5,18.09016,-76.801451,Saint Andrew,5854.5
Cockburn Gardens,Cockburn Gardens,,0,5,18.011768,-76.823082,Saint Andrew,5854.5
Molynes Gardens,Molynes Gardens,,0,5,18.034608,-76.817314,Saint Andrew,5854.5
Duhaney Park,Duhaney Park,,0,5,18.029629,-76.850474,Saint Andrew,5854.5
Oaklands,Oaklands,,0,5,18.035682,-76.796043,Saint Andrew,5854.5
Hughenden,Hughenden,,0,5,18.031415,-76.818395,Saint Andrew,5854.5
Marverley,Marverley,,0,5,18.014311,-76.809026,Saint Andrew,5854.5
Richmond Park,Richmond Park,,0,5,18.005164,-76.811546,Saint Andrew,5854.5
Forest Hills/ Plantation Height,Forest Hills/ Plantation Height,,0,5,18.041663,-76.856527,Saint Andrew,5854.5
Jones Town,Jones Town,,0,5,17.986069,-76.797846,Saint Andrew,5854.5
Arlene Gardens,Arlene Gardens,,0,5,18.036973,-76.824646,Saint Andrew,5854.5
Queensborough/ Tunbridge,Queensborough/ Tunbridge,,0,5,18.040034,-76.825525,Saint Andrew,5854.5
Mountain View Gardens,Mountain View Gardens,,0,5,17.986107,-76.766835,Saint Andrew,5854.5
Zaidie Gardens,Zaidie Gardens,,0,5,18.024342,-76.815872,Saint Andrew,5854.5
Trafalgar Park,Trafalgar Park,,0,5,18.011311,-76.784866,Saint Andrew,5854.5
Washington Gardens,Washington Gardens,,0,5,18.023423,-76.844708,Saint Andrew,5854.5
Drumblair,Drumblair,,0,5,18.026377,-76.789688,Saint Andrew,5854.5
Waltham Gardens,Waltham Gardens,,0,5,18.01235,-76.813414,Saint Andrew,5854.5
Woodford Park,Woodford Park,,0,5,17.984875,-76.780538,Saint Andrew,5854.5
Papine,Papine,,0,5,18.011598,-76.736538,Saint Andrew,5854.5
Bloxborough,Bloxborough,,3,5,18.059877,-76.756397,Saint Andrew,5854.5
Parry Town,Parry Town,,3,5,18.39452,-77.109599,Saint Ann,4601.2
Discovery Bay,Discovery Bay,,1,5,18.458202,-77.39847,Saint Ann,4601.2
Browns Town,Browns Town,,1,5,18.389459,-77.372638,Saint Ann,4601.2
Macknie,Macknie,,1,5,18.192827,-77.250484,Saint Ann,4601.2
Hinds Town,Hinds Town,,1,5,18.348784,-77.239577,Saint Ann,4601.2
Exchange,Exchange,,3,5,18.408173,-77.069562,Saint Ann,4601.2
Steer Town,Steer Town,,1,5,18.413123,-77.162896,Saint Ann,4601.2
St. Ann's Bay,St. Ann's Bay,,1,5,18.432947,-77.1974,Saint Ann,4601.2
Priory,Priory,,1,5,18.439175,-77.224708,Saint Ann,4601.2
Philadelphia,Philadelphia,,1,5,18.39317,-77.31952,Saint Ann,4601.2
York Castle,York Castle,,1,5,18.388052,-77.364536,Saint Ann,4601.2
Lime Hall,Lime Hall,,1,5,18.428506,-77.203429,Saint Ann,4601.2
Cole Gate,Cole Gate,,3,5,18.357073,-77.090049,Saint Ann,4601.2
Braeton,Braeton,,0,5,17.949508,-76.889391,Saint Catherine,22656.363636
Spanish Town Central,Spanish Town Central,,0,5,18.019317,-76.975827,Saint Catherine,22656.363636
Cromarty,Cromarty,,0,5,17.9827,-76.971507,Saint Catherine,22656.363636
Hellshire,Hellshire,,6,5,17.897913,-76.894074,Saint Catherine,22656.363636
Greater Portmore,Greater Portmore,,0,5,17.94798,-76.909565,Saint Catherine,22656.363636
Bogwalk,Bogwalk,,0,5,18.105767,-77.007506,Saint Catherine,22656.363636
Hampton Green,Hampton Green,,0,5,18.002845,-76.968627,Saint Catherine,22656.363636
Sligoville,Sligoville,,0,5,18.093398,-76.975667,Saint Catherine,22656.363636
Greendale,Greendale,,0,5,17.996237,-76.945172,Saint Catherine,22656.363636
Ensom,Ensom,,0,5,18.011945,-76.963586,Saint Catherine,22656.363636
Naggo Head,Naggo Head,,0,5,17.968093,-76.885067,Saint Catherine,22656.363636
Willowdene,Willowdene,,0,5,17.995106,-76.983028,Saint Catherine,22656.363636
Golden Acres,Golden Acres,,0,5,18.022518,-76.978427,Saint Catherine,22656.363636
Bridgeport,Bridgeport,,0,5,17.96189,-76.879303,Saint Catherine,22656.363636
Gregory Park,Gregory Park,,0,5,17.998693,-76.886508,Saint Catherine,22656.363636
Old Harbour Road,Old Harbour Road,,0,5,17.980318,-76.998926,Saint Catherine,22656.363636
Central Village,Central Village,,0,5,18.000664,-76.915328,Saint Catherine,22656.363636
Kitson Town,Kitson Town,,6,5,18.018148,-77.052309,Saint Catherine,22656.363636
Waterford,Waterford,,0,5,17.98744,-76.870655,Saint Catherine,22656.363636
Keystone,Keystone,,0,5,18.018513,-76.942701,Saint Catherine,22656.363636
St. John's East,St. John's East,,0,5,18.005143,-76.966906,Saint Catherine,22656.363636
Troja,Troja,,0,5,18.208967,-76.922532,Saint Catherine,22656.363636
Crescent,Crescent,,0,5,18.008796,-77.00368,Saint Catherine,22656.363636
St. John's West,St. John's West,,0,5,18.004432,-77.034857,Saint Catherine,22656.363636
Cumberland,Cumberland,,0,5,17.97661,-76.882185,Saint Catherine,22656.363636
Passage Fort,Passage Fort,,0,5,17.981236,-76.864889,Saint Catherine,22656.363636
Edgewater,Edgewater,,0,5,17.964203,-76.870655,Saint Catherine,22656.363636
Independence City,Independence City,,0,5,17.982148,-76.881187,Saint Catherine,22656.363636
Glengoffe,Glengoffe,,3,5,18.141852,-76.887229,Saint Catherine,22656.363636
Treasure Beach,Treasure Beach,,4,5,17.881749,-77.759513,Saint Elizabeth,3163.8
Bigwoods,Bigwoods,,4,5,17.937066,-77.713731,Saint Elizabeth,3163.8
Thornton,Thornton,,4,5,18.173463,-77.725353,Saint Elizabeth,3163.8
Slipe,Slipe,,4,5,18.046656,-77.788118,Saint Elizabeth,3163.8
Rose Hall,Rose Hall,,4,5,17.931334,-77.646955,Saint Elizabeth,3163.8
Junction,Junction,,4,5,17.899982,-77.604711,Saint Elizabeth,3163.8
Pisgah,Pisgah,,2,5,18.204446,-77.879617,Saint Elizabeth,3163.8
Braes River,Braes River,,4,5,18.080271,-77.647368,Saint Elizabeth,3163.8
Goshen,Goshen,,4,5,18.078846,-77.69942,Saint Elizabeth,3163.8
Ballards  Valley,Ballards  Valley,,4,5,17.897222,-77.613056,Saint Elizabeth,3163.8
Pedro Plains,Pedro Plains,,4,5,17.891718,-77.728331,Saint Elizabeth,3163.8
Watchwell,Watchwell,,4,5,17.935705,-77.760944,Saint Elizabeth,3163.8
Leeds,Leeds,,4,5,18.018349,-77.69012,Saint Elizabeth,3163.8
Giddy Hall,Giddy Hall,,4,5,18.111408,-77.860846,Saint Elizabeth,3163.8
Pepper,Pepper,,4,5,18.050308,-77.640726,Saint Elizabeth,3163.8
Middle Quarters,Middle Quarters,,4,5,18.102018,-77.833869,Saint Elizabeth,3163.8
Top Hill,Top Hill,,4,5,17.892578,-77.637542,Saint Elizabeth,3163.8
Lititz,Lititz,,4,5,17.941642,-77.580584,Saint Elizabeth,3163.8
Bull Savannah,Bull Savannah,,4,5,17.884618,-77.595062,Saint Elizabeth,3163.8
Aberdeen,Aberdeen,,4,5,18.198852,-77.708006,Saint Elizabeth,3163.8
Red Bank,Red Bank,,4,5,17.927427,-77.629677,Saint Elizabeth,3163.8
Holland,Holland,,4,5,18.06562,-77.757854,Saint Elizabeth,3163.8
Brighton,Brighton,,8,2,42.305881,-71.116965,Saint Elizabeth,3163.8
Newton,Newton,,8,2,42.305211,-71.108729,Saint Elizabeth,3163.8
Hopeton,Hopeton,,0,5,17.995202,-76.925897,Saint Elizabeth,3163.8
West Green,West Green,,2,5,18.460884,-77.925303,Saint James,26543.5
Catherine Hall,Catherine Hall,,2,5,18.461236,-77.921745,Saint James,26543.5
Rose Heights,Rose Heights,,2,5,18.476223,-77.89389,Saint James,26543.5
Down Town Montego Bay,Down Town Montego Bay,,2,5,18.476223,-77.89389,Saint James,26543.5
Brandon Hill,Brandon Hill,,2,5,18.475773,-77.911032,Saint James,26543.5
Orange,Orange,,2,5,18.480123,-77.922791,Saint James,26543.5
Granville,Granville,,2,5,18.445859,-77.898175,Saint James,26543.5
Bogue,Bogue,,2,5,18.441496,-77.923856,Saint James,26543.5
Pitfour,Pitfour,,2,5,18.442003,-77.896157,Saint James,26543.5
Norwood,Norwood,,2,5,18.492567,-77.90276,Saint James,26543.5
Mount Salem,Mount Salem,,2,5,18.466837,-77.906747,Saint James,26543.5
Albion,Albion,,2,5,18.482164,-77.918174,Saint James,26543.5
Flankers,Flankers,,2,5,18.504223,-77.898175,Saint James,26543.5
Unity Hall,Unity Hall,,2,5,18.448071,-77.978148,Saint James,26543.5
Dumfries,Dumfries,,2,5,18.422406,-77.76526,Saint James,26543.5
John's Hall,John's Hall,,2,5,18.419571,-77.852451,Saint James,26543.5
Catadupa,Catadupa,,2,5,18.279485,-77.873886,Saint James,26543.5
Somerton,Somerton,,2,5,18.429898,-77.788121,Saint James,26543.5
Rose Mount Garden,Rose Mount Garden,,2,5,18.468336,-77.896032,Saint James,26543.5
Barrett Town,Barrett Town,,2,5,18.509728,-77.801648,Saint James,26543.5
Paradise,Paradise,,2,5,18.476004,-77.922032,Saint James,26543.5
Lilliput,Lilliput,,2,5,18.51239,-77.776677,Saint James,26543.5
Green Pond,Green Pond,,2,5,18.47158,-77.872815,Saint James,26543.5
Glendevon,Glendevon,,2,5,18.480285,-77.900318,Saint James,26543.5
Welcome Hall,Welcome Hall,,2,5,18.373811,-77.843416,Saint James,26543.5
Farm Heights,Farm Heights,,2,5,18.47362,-77.88746,Saint James,26543.5
Maldon,Maldon,,2,5,18.461833,-77.918831,Saint James,26543.5
Retirement,Retirement,,2,5,18.439472,-77.889603,Saint James,26543.5
Porto Bello,Porto Bello,,2,5,18.462396,-77.881061,Saint James,26543.5
Tangle River,Tangle River,,2,5,18.346079,-77.820379,Saint James,26543.5
Flower Hill,Flower Hill,,2,5,18.494821,-77.84873,Saint James,26543.5
Salt Spring,Salt Spring,,2,5,18.479235,-77.89882,Saint James,26543.5
Rosemount,Rosemount,,2,5,18.474375,-77.898842,Saint James,26543.5
Niagara,Niagara,,2,5,18.279583,-77.833226,Saint James,26543.5
Coral Gardens,Coral Gardens,,2,5,18.510182,-77.863807,Saint James,26543.5
Tucker,Tucker,,2,5,18.450713,-77.886892,Saint James,26543.5
Ironshore,Ironshore,,2,5,18.507396,-77.896737,Saint James,26543.5
Adelphi,Adelphi,,2,5,18.448151,-77.79126,Saint James,26543.5
Montpelier,Montpelier,,2,5,18.362896,-77.923887,Saint James,26543.5
Summer Hill,Summer Hill,,2,5,18.517281,-77.838917,Saint James,26543.5
Mount Carey,Mount Carey,,2,5,18.386785,-77.932457,Saint James,26543.5
Reading,Reading,,2,5,18.44004,-77.943881,Saint James,26543.5
Irwin,Irwin,,2,5,18.462051,-77.91793,Saint James,26543.5
Spot Valley,Spot Valley,,2,5,18.496956,-77.793811,Saint James,26543.5
Catherine Mount,Catherine Mount,,2,5,18.464327,-77.901747,Saint James,26543.5
Friendship,Friendship,,2,5,18.474764,-77.917934,Saint James,26543.5
Montego Hill,Montego Hill,,2,5,18.489762,-77.888889,Saint James,26543.5
Flamstead,Flamstead,,2,5,18.325247,-77.822141,Saint James,26543.5
Tower Hill/Moy Hall,Tower Hill/Moy Hall,,2,5,18.412888,-77.861743,Saint James,26543.5
Castleton,Castleton,,3,5,18.201507,-76.825244,Saint Mary,3841.666667
Galina,Galina,,3,5,18.40473,-76.893714,Saint Mary,3841.666667
Enfield,Enfield,,3,5,18.232629,-76.741464,Saint Mary,3841.666667
Guys Hill,Guys Hill,,0,5,18.249976,-76.990228,Saint Mary,3841.666667
Martin,Martin,,3,5,18.283881,-76.870655,Saint Mary,3841.666667
Epson,Epson,,3,5,18.249115,-76.72665,Saint Mary,3841.666667
Baileys Vale,Baileys Vale,,3,5,18.351525,-76.906039,Saint Mary,3841.666667
Clonmel,Clonmel,,3,5,18.242302,-76.850084,Saint Mary,3841.666667
Font Hill,Font Hill,,5,5,17.937417,-76.505465,Saint Thomas,4157.25
Duckenfield,Duckenfield,,5,5,17.921518,-76.260946,Saint Thomas,4157.25
Church Corner,Church Corner,,5,5,17.886246,-76.417259,Saint Thomas,4157.25
Port Morant,Port Morant,,5,5,17.896142,-76.331889,Saint Thomas,4157.25
White Horses,White Horses,,5,5,17.881546,-76.453417,Saint Thomas,4157.25
Retreat,Retreat,,5,5,17.875097,-76.373498,Saint Thomas,4157.25
Wilmington,Wilmington,,2,5,18.408328,-77.856936,Saint Thomas,4157.25
Barking Lodge,Barking Lodge,,5,5,17.892806,-76.284408,Saint Thomas,4157.25
Amity Hall,Amity Hall,,5,5,17.955861,-76.249722,Saint Thomas,4157.25
Salt Marsh,Salt Marsh,,1,5,18.494491,-77.703713,Trelawny,2977.857143
Bounty Hall,Bounty Hall,,1,5,18.451858,-77.708525,Trelawny,2977.857143
Clarks Town,Clarks Town,,1,5,18.415307,-77.541879,Trelawny,2977.857143
Deeside,Deeside,,1,5,18.370508,-77.609482,Trelawny,2977.857143
Bunkers Hill,Bunkers Hill,,0,5,18.1925,-76.9225,Trelawny,2977.857143
Alps,Alps,,1,5,18.335778,-77.514272,Trelawny,2977.857143
Duanvale,Duanvale,,1,5,18.405692,-77.594895,Trelawny,2977.857143
Kinloss,Kinloss,,1,5,18.403423,-77.560509,Trelawny,2977.857143
Martha Brae,Martha Brae,,1,5,18.47048,-77.660055,Trelawny,2977.857143
Sherwood Content,Sherwood Content,,1,5,18.390794,-77.627018,Trelawny,2977.857143
Samuels Prospect,Samuels Prospect,,1,5,18.371811,-77.608795,Trelawny,2977.857143
Daniel Town,Daniel Town,,1,5,18.456764,-77.617812,Trelawny,2977.857143
Jackson Town,Jackson Town,,1,5,18.412672,-77.480235,Trelawny,2977.857143
Spicy Hill,Spicy Hill,,1,5,18.458509,-77.544937,Trelawny,2977.857143
Hampden,Hampden,,1,5,18.440133,-77.745244,Trelawny,2977.857143
Orange Hill,Orange Hill,,2,5,18.263333,-77.989722,Westmoreland,4190.181818
Jerusalem,Jerusalem,,7,5,18.326959,-78.230576,Westmoreland,4190.181818
Burnt Savannah,Burnt Savannah,,2,5,18.316667,-78.1,Westmoreland,4190.181818
Haddo,Haddo,,2,5,18.292532,-78.021679,Westmoreland,4190.181818
Savannah-la-mar Business Dist.,Savannah-la-mar Business Dist.,,2,5,18.225995,-78.130876,Westmoreland,4190.181818
Smithfield,Smithfield,,2,5,18.221877,-78.107797,Westmoreland,4190.181818
Georges Plain,Georges Plain,,2,5,18.278954,-78.14219,Westmoreland,4190.181818
Fort Williams,Fort Williams,,2,5,18.305556,-78.065833,Westmoreland,4190.181818
Paul Island,Paul Island,,7,5,18.285022,-78.252865,Westmoreland,4190.181818
Town Head,Town Head,,2,5,18.319455,-78.13965,Westmoreland,4190.181818
Hertford,Hertford,,2,5,18.258231,-78.090865,Westmoreland,4190.181818
Shefield,Shefield,,7,5,18.27758,-78.304577,Westmoreland,4190.181818
Truro,Truro,,2,5,18.308972,-78.150412,Westmoreland,4190.181818
Strathbogie,Strathbogie,,2,5,18.305557,-78.156917,Westmoreland,4190.181818
Llandilo,Llandilo,,2,5,18.229495,-78.141656,Westmoreland,4190.181818
Cave,Cave,,2,5,18.207138,-78.043795,Westmoreland,4190.181818
Mount Airy,Mount Airy,,7,5,18.251214,-78.328492,Westmoreland,4190.181818
Delveland,Delveland,,7,5,18.275302,-78.23772,Westmoreland,4190.181818
Mackfield,Mackfield,,2,5,18.312728,-78.155544,Westmoreland,4190.181818
Gooden's River,Gooden's River,,2,5,18.31338,-78.158977,Westmoreland,4190.181818
Chantilly,Chantilly,,2,5,18.312728,-78.154857,Westmoreland,4190.181818
Whithorn,Whithorn,,2,5,18.279854,-78.028814,Westmoreland,4190.181818
Broughton,Broughton,,7,5,18.227301,-78.225114,Westmoreland,4190.181818
Whitehouse,Whitehouse,,2,5,18.094397,-77.966727,Westmoreland,4190.181818
Mount Stewart,Mount Stewart,,2,5,18.298321,-77.995166,Westmoreland,4190.181818
Seaton Crescent,Seaton Crescent,,2,5,18.228115,-78.135487,Westmoreland,4190.181818
Three Mile River,Three Mile River,,2,5,18.259891,-78.135817,Westmoreland,4190.181818
Cornwall Mountian,Cornwall Mountian,,2,5,18.291414,-77.988892,Westmoreland,4190.181818
Fullersfield,Fullersfield,,7,5,18.287131,-78.19901,Westmoreland,4190.181818
